Collectivités territoriales,Population,region
Tanger,1275428.0,Région de Tanger-Tétouan-Al Hoceima
Assilah,36039.0,Région de Tanger-Tétouan-Al Hoceima
Gueznaia,88676.0,Région de Tanger-Tétouan-Al Hoceima
Hjar Ennhal,27204.0,Région de Tanger-Tétouan-Al Hoceima
Dar Chaoui,4471.0,Région de Tanger-Tétouan-Al Hoceima
Al Manzla,2680.0,Région de Tanger-Tétouan-Al Hoceima
Laaouama,19187.0,Région de Tanger-Tétouan-Al Hoceima
Sebt Azzinate,7265.0,Région de Tanger-Tétouan-Al Hoceima
Aquouass Briech,4981.0,Région de Tanger-Tétouan-Al Hoceima
Had Al Gharbia,12838.0,Région de Tanger-Tétouan-Al Hoceima
Sahel Chamali,5028.0,Région de Tanger-Tétouan-Al Hoceima
Sidi Lyamani,10616.0,Région de Tanger-Tétouan-Al Hoceima
M'diq,67599.0,Région de Tanger-Tétouan-Al Hoceima
Fnideq,77250.0,Région de Tanger-Tétouan-Al Hoceima
Martil,95896.0,Région de Tanger-Tétouan-Al Hoceima
Allyene,8111.0,Région de Tanger-Tétouan-Al Hoceima
Belyounech,5208.0,Région de Tanger-Tétouan-Al Hoceima
Tétouan,422757.0,Région de Tanger-Tétouan-Al Hoceima
Oued Laou,11690.0,Région de Tanger-Tétouan-Al Hoceima
Ain Lahsan,7450.0,Région de Tanger-Tétouan-Al Hoceima
Souk Kdim,8699.0,Région de Tanger-Tétouan-Al Hoceima
Jbel Lahbib,4126.0,Région de Tanger-Tétouan-Al Hoceima
Bni Harchen,6423.0,Région de Tanger-Tétouan-Al Hoceima
Al Kharroub,2099.0,Région de Tanger-Tétouan-Al Hoceima
Mallalienne,10874.0,Région de Tanger-Tétouan-Al Hoceima
Saddina,7619.0,Région de Tanger-Tétouan-Al Hoceima
Sahtryine,8733.0,Région de Tanger-Tétouan-Al Hoceima
Bni Idder,4659.0,Région de Tanger-Tétouan-Al Hoceima
Bghaghza,6238.0,Région de Tanger-Tétouan-Al Hoceima
Bni Leit,5004.0,Région de Tanger-Tétouan-Al Hoceima
Al Hamra,11877.0,Région de Tanger-Tétouan-Al Hoceima
Al Oued,10875.0,Région de Tanger-Tétouan-Al Hoceima
Oulad Ali Mansour,4683.0,Région de Tanger-Tétouan-Al Hoceima
Dar Bni Karrich,10115.0,Région de Tanger-Tétouan-Al Hoceima
Zinat,8214.0,Région de Tanger-Tétouan-Al Hoceima
Azla,22985.0,Région de Tanger-Tétouan-Al Hoceima
Zaitoune,13492.0,Région de Tanger-Tétouan-Al Hoceima
Bni Said,10465.0,Région de Tanger-Tétouan-Al Hoceima
Zaouiat Sidi Kacem,12851.0,Région de Tanger-Tétouan-Al Hoceima
Malloussa,18854.0,Région de Tanger-Tétouan-Al Hoceima
Al Bahraoyine,15491.0,Région de Tanger-Tétouan-Al Hoceima
Ksar Sghir,17125.0,Région de Tanger-Tétouan-Al Hoceima
Jouamaa,10039.0,Région de Tanger-Tétouan-Al Hoceima
Anjra,17251.0,Région de Tanger-Tétouan-Al Hoceima
Taghramt,9326.0,Région de Tanger-Tétouan-Al Hoceima
Ksar El Majaz,12703.0,Région de Tanger-Tétouan-Al Hoceima
Ksar El Kebir,124701.0,Région de Tanger-Tétouan-Al Hoceima
Larache,133731.0,Région de Tanger-Tétouan-Al Hoceima
Laouamra,48253.0,Région de Tanger-Tétouan-Al Hoceima
Zouada,25289.0,Région de Tanger-Tétouan-Al Hoceima
Ksar Bjir,17182.0,Région de Tanger-Tétouan-Al Hoceima
Boujedyane,9624.0,Région de Tanger-Tétouan-Al Hoceima
Tatoft,8657.0,Région de Tanger-Tétouan-Al Hoceima
Souk L'qolla,13592.0,Région de Tanger-Tétouan-Al Hoceima
Bni Arouss,7337.0,Région de Tanger-Tétouan-Al Hoceima
Tazroute,5449.0,Région de Tanger-Tétouan-Al Hoceima
Ayacha,6925.0,Région de Tanger-Tétouan-Al Hoceima
Bni Garfett,11311.0,Région de Tanger-Tétouan-Al Hoceima
Zaaroura,8615.0,Région de Tanger-Tétouan-Al Hoceima
Sahel,18258.0,Région de Tanger-Tétouan-Al Hoceima
Rissana Chamalia,12961.0,Région de Tanger-Tétouan-Al Hoceima
Rissana Janoubia,19480.0,Région de Tanger-Tétouan-Al Hoceima
Oulad Ouchih,13409.0,Région de Tanger-Tétouan-Al Hoceima
Souaken,12582.0,Région de Tanger-Tétouan-Al Hoceima
Souk Tolba,12855.0,Région de Tanger-Tétouan-Al Hoceima
Al Hoceima,50225.0,Région de Tanger-Tétouan-Al Hoceima
Bni Bouayach,20013.0,Région de Tanger-Tétouan-Al Hoceima
Imzouren,34848.0,Région de Tanger-Tétouan-Al Hoceima
Targuist,14638.0,Région de Tanger-Tétouan-Al Hoceima
Ajdir,5630.0,Région de Tanger-Tétouan-Al Hoceima
Bni Boufrah,8401.0,Région de Tanger-Tétouan-Al Hoceima
Senada,8059.0,Région de Tanger-Tétouan-Al Hoceima
Bni Gmil Maksouline,7214.0,Région de Tanger-Tétouan-Al Hoceima
Bni Gmil,7752.0,Région de Tanger-Tétouan-Al Hoceima
Chakrane,3306.0,Région de Tanger-Tétouan-Al Hoceima
Arbaa Taourirt,3799.0,Région de Tanger-Tétouan-Al Hoceima
Tifarouine,3318.0,Région de Tanger-Tétouan-Al Hoceima
Nekkour,7721.0,Région de Tanger-Tétouan-Al Hoceima
Ait Youssef Ou Ali,13830.0,Région de Tanger-Tétouan-Al Hoceima
Louta,4408.0,Région de Tanger-Tétouan-Al Hoceima
Imrabten,6983.0,Région de Tanger-Tétouan-Al Hoceima
Zaouiat Sidi Abdelkader,4150.0,Région de Tanger-Tétouan-Al Hoceima
Bni Hadifa,4723.0,Région de Tanger-Tétouan-Al Hoceima
Bni Abdellah,4939.0,Région de Tanger-Tétouan-Al Hoceima
Izemmouren,6365.0,Région de Tanger-Tétouan-Al Hoceima
Ait Kamra,8269.0,Région de Tanger-Tétouan-Al Hoceima
Rouadi,6858.0,Région de Tanger-Tétouan-Al Hoceima
Sidi Bouzineb,2756.0,Région de Tanger-Tétouan-Al Hoceima
Bni Ammart,5583.0,Région de Tanger-Tétouan-Al Hoceima
Sidi Boutmim,8462.0,Région de Tanger-Tétouan-Al Hoceima
Zarkt,5601.0,Région de Tanger-Tétouan-Al Hoceima
Bni Bchir,5401.0,Région de Tanger-Tétouan-Al Hoceima
Bni Bounsar,6498.0,Région de Tanger-Tétouan-Al Hoceima
Bni Ahmed Imoukzan,7580.0,Région de Tanger-Tétouan-Al Hoceima
Tamsaout,12856.0,Région de Tanger-Tétouan-Al Hoceima
Ketama,16690.0,Région de Tanger-Tétouan-Al Hoceima
Moulay Ahmed Cherif,9357.0,Région de Tanger-Tétouan-Al Hoceima
Issaguen,17834.0,Région de Tanger-Tétouan-Al Hoceima
Bni Bouchibet,8909.0,Région de Tanger-Tétouan-Al Hoceima
Taghzout,4116.0,Région de Tanger-Tétouan-Al Hoceima
Abdelghaya Souahel,24435.0,Région de Tanger-Tétouan-Al Hoceima
Chefchaouen,46168.0,Région de Tanger-Tétouan-Al Hoceima
Bab Berred,24743.0,Région de Tanger-Tétouan-Al Hoceima
Iounane,19494.0,Région de Tanger-Tétouan-Al Hoceima
Tamorot,24258.0,Région de Tanger-Tétouan-Al Hoceima
Amtar,8568.0,Région de Tanger-Tétouan-Al Hoceima
M'tioua,10336.0,Région de Tanger-Tétouan-Al Hoceima
Ouaouzgane,12766.0,Région de Tanger-Tétouan-Al Hoceima
Bni Rzine,16539.0,Région de Tanger-Tétouan-Al Hoceima
Bni Smih,13918.0,Région de Tanger-Tétouan-Al Hoceima
Bni Ahmed Cherqia,10800.0,Région de Tanger-Tétouan-Al Hoceima
Bni Ahmed Gharbia,10623.0,Région de Tanger-Tétouan-Al Hoceima
Oued Malha,12075.0,Région de Tanger-Tétouan-Al Hoceima
Mansoura,13526.0,Région de Tanger-Tétouan-Al Hoceima
Bab Taza,29895.0,Région de Tanger-Tétouan-Al Hoceima
Bni Salah,10535.0,Région de Tanger-Tétouan-Al Hoceima
Bni Darkoul,13984.0,Région de Tanger-Tétouan-Al Hoceima
Bni Faghloum,9260.0,Région de Tanger-Tétouan-Al Hoceima
Fifi,6762.0,Région de Tanger-Tétouan-Al Hoceima
Derdara,11276.0,Région de Tanger-Tétouan-Al Hoceima
Tanaqoub,8097.0,Région de Tanger-Tétouan-Al Hoceima
Laghdir,6454.0,Région de Tanger-Tétouan-Al Hoceima
Bni Selmane,21413.0,Région de Tanger-Tétouan-Al Hoceima
Bni Mansour,16660.0,Région de Tanger-Tétouan-Al Hoceima
Bni Bouzra,15888.0,Région de Tanger-Tétouan-Al Hoceima
Steha,11452.0,Région de Tanger-Tétouan-Al Hoceima
Tizgane,12292.0,Région de Tanger-Tétouan-Al Hoceima
Tassift,6924.0,Région de Tanger-Tétouan-Al Hoceima
Talambote,8007.0,Région de Tanger-Tétouan-Al Hoceima
Ouezzane,57737.0,Région de Tanger-Tétouan-Al Hoceima
Mzefroune,6226.0,Région de Tanger-Tétouan-Al Hoceima
Masmouda,14594.0,Région de Tanger-Tétouan-Al Hoceima
Sidi Redouane,17903.0,Région de Tanger-Tétouan-Al Hoceima
Bni Quolla,13551.0,Région de Tanger-Tétouan-Al Hoceima
Teroual,11673.0,Région de Tanger-Tétouan-Al Hoceima
Zghira,13415.0,Région de Tanger-Tétouan-Al Hoceima
Ouannana,12123.0,Région de Tanger-Tétouan-Al Hoceima
Lamjaara,19162.0,Région de Tanger-Tétouan-Al Hoceima
Sidi Ahmed Cherif,7913.0,Région de Tanger-Tétouan-Al Hoceima
Sidi Bousber,9671.0,Région de Tanger-Tétouan-Al Hoceima
Brikcha,8777.0,Région de Tanger-Tétouan-Al Hoceima
Asjen,11479.0,Région de Tanger-Tétouan-Al Hoceima
Moqrissat,9413.0,Région de Tanger-Tétouan-Al Hoceima
Ain Beida,10368.0,Région de Tanger-Tétouan-Al Hoceima
Kalaat Bouqorra,13999.0,Région de Tanger-Tétouan-Al Hoceima
Zoumi,36573.0,Région de Tanger-Tétouan-Al Hoceima
Oujda,506224.0,Région de l'Oriental
Bni Drar,10907.0,Région de l'Oriental
Naima,1019.0,Région de l'Oriental
Ain Sfa,4426.0,Région de l'Oriental
Bsara,1335.0,Région de l'Oriental
Bni Khaled,6239.0,Région de l'Oriental
Ahl Angad,18051.0,Région de l'Oriental
Mestferki,4335.0,Région de l'Oriental
Sidi Boulenouar,3600.0,Région de l'Oriental
Sidi Moussa Lemhaya,6062.0,Région de l'Oriental
Isly,10256.0,Région de l'Oriental
Nador,158202.0,Région de l'Oriental
Zeghanghane,31431.0,Région de l'Oriental
Bni Ansar,50508.0,Région de l'Oriental
Al Aaroui,46540.0,Région de l'Oriental
Zaio,36766.0,Région de l'Oriental
Selouane,29628.0,Région de l'Oriental
Ras-El-Ma,7527.0,Région de l'Oriental
Bni Bouifrour,6846.0,Région de l'Oriental
Ihaddadene,15667.0,Région de l'Oriental
Iksane,7731.0,Région de l'Oriental
Bouarg,44626.0,Région de l'Oriental
Iaazzanene,12706.0,Région de l'Oriental
Bni Chiker,22763.0,Région de l'Oriental
Bni Sidel Jbel,8199.0,Région de l'Oriental
Bni Sidel Louta,5366.0,Région de l'Oriental
Hassi-Berkane,7465.0,Région de l'Oriental
Afsou,2020.0,Région de l'Oriental
Tiztoutine,9349.0,Région de l'Oriental
Bni Oukil Oulad M'hand,14691.0,Région de l'Oriental
Arekmane,16477.0,Région de l'Oriental
Al Barkanyene,2278.0,Région de l'Oriental
Oulad Settout,26052.0,Région de l'Oriental
Oulad Daoud Zkhanine,3149.0,Région de l'Oriental
Driouch,15661.0,Région de l'Oriental
Ben Taieb,15002.0,Région de l'Oriental
Midar,15391.0,Région de l'Oriental
Talilit,3881.0,Région de l'Oriental
Ouardana,7032.0,Région de l'Oriental
M'hajer,8008.0,Région de l'Oriental
Iferni,4873.0,Région de l'Oriental
Azlaf,4132.0,Région de l'Oriental
Tsaft,8401.0,Région de l'Oriental
Tafersit,8202.0,Région de l'Oriental
Ijermaouas,5303.0,Région de l'Oriental
Temsamane,12198.0,Région de l'Oriental
Boudinar,7996.0,Région de l'Oriental
Bni Marghnine,4950.0,Région de l'Oriental
Oulad Amghar,5755.0,Région de l'Oriental
Trougout,11348.0,Région de l'Oriental
Mtalssa,16778.0,Région de l'Oriental
Ain Zohra,8705.0,Région de l'Oriental
Oulad Boubker,3703.0,Région de l'Oriental
Dar El Kebdani,8518.0,Région de l'Oriental
Ait Mait,4721.0,Région de l'Oriental
Tazaghine,3456.0,Région de l'Oriental
Amejjaou,4177.0,Région de l'Oriental
Jerada,41014.0,Région de l'Oriental
Ain Bni Mathar,15488.0,Région de l'Oriental
Touissit,3066.0,Région de l'Oriental
Guenfouda,5712.0,Région de l'Oriental
Ras Asfour,1275.0,Région de l'Oriental
Sidi Boubker,2354.0,Région de l'Oriental
Tiouli,4305.0,Région de l'Oriental
Laaouinate,5467.0,Région de l'Oriental
Gafait,2604.0,Région de l'Oriental
Lebkhata,2541.0,Région de l'Oriental
Bni Mathar,10887.0,Région de l'Oriental
Ouled Sidi Abdelhakem,1276.0,Région de l'Oriental
Mrija,2882.0,Région de l'Oriental
Ouled Ghziyel,4656.0,Région de l'Oriental
Berkane,99069.0,Région de l'Oriental
Ahfir,16310.0,Région de l'Oriental
Saidia,10514.0,Région de l'Oriental
Aklim,8630.0,Région de l'Oriental
Ain Erreggada,2391.0,Région de l'Oriental
Sidi Slimane Echcharaa,31686.0,Région de l'Oriental
Laatamna,14561.0,Région de l'Oriental
Madagh,14659.0,Région de l'Oriental
Fezouane,5783.0,Région de l'Oriental
Aghbal,16113.0,Région de l'Oriental
Boughriba,19013.0,Région de l'Oriental
Chouihia,11249.0,Région de l'Oriental
Rislane,3783.0,Région de l'Oriental
Sidi Bouhria,4088.0,Région de l'Oriental
Tafoughalt,2366.0,Région de l'Oriental
Zegzel,23846.0,Région de l'Oriental
Taourirt,100402.0,Région de l'Oriental
El Aioun Sidi Mellouk,40652.0,Région de l'Oriental
Debdou,4447.0,Région de l'Oriental
Gteter,8222.0,Région de l'Oriental
Ahl Oued Za,11024.0,Région de l'Oriental
Melg El Ouidane,8009.0,Région de l'Oriental
Ain Lehjer,7692.0,Région de l'Oriental
Mechraa Hammadi,4343.0,Région de l'Oriental
Mestegmer,5295.0,Région de l'Oriental
Tancherfi,6092.0,Région de l'Oriental
Sidi Ali Bel Quassem,13951.0,Région de l'Oriental
Sidi Lahsen,6779.0,Région de l'Oriental
El Atef,933.0,Région de l'Oriental
Ouled M'hamed,2316.0,Région de l'Oriental
Guercif,80703.0,Région de l'Oriental
Barkine,6839.0,Région de l'Oriental
Assebbab,7144.0,Région de l'Oriental
Houara Oulad Raho,39947.0,Région de l'Oriental
Lamrija,14457.0,Région de l'Oriental
Saka,20857.0,Région de l'Oriental
Ras Laksar,12092.0,Région de l'Oriental
Taddart,26540.0,Région de l'Oriental
Oulad Bourima,1117.0,Région de l'Oriental
Mazguitam,6141.0,Région de l'Oriental
Figuig,10449.0,Région de l'Oriental
Bouarfa,30068.0,Région de l'Oriental
Bni Tadjite,17557.0,Région de l'Oriental
Bouanane,11181.0,Région de l'Oriental
Ain Chair,1501.0,Région de l'Oriental
Ain Chouater,706.0,Région de l'Oriental
Boumerieme,8067.0,Région de l'Oriental
Talsint,18806.0,Région de l'Oriental
Bouchaouene,15242.0,Région de l'Oriental
Bni Guil,8261.0,Région de l'Oriental
Abbou Lakhal,1790.0,Région de l'Oriental
Tendrara,14269.0,Région de l'Oriental
Maatarka,6554.0,Région de l'Oriental
Fès,1167842.0,Région de Fès-Meknès
Méchouar-Fès-El Jadid,15121.0,Région de Fès-Meknès
Oulad Tayeb,56352.0,Région de Fès-Meknès
Sidi Harazem,5748.0,Région de Fès-Meknès
Ain Bida,11109.0,Région de Fès-Meknès
Meknès,551503.0,Région de Fès-Meknès
Al Machouar-Stinia,5009.0,Région de Fès-Meknès
My Idriss Zerhoun,10038.0,Région de Fès-Meknès
Ouislane,112180.0,Région de Fès-Meknès
Boufakrane,16892.0,Région de Fès-Meknès
Toulal,26970.0,Région de Fès-Meknès
Oualili,9009.0,Région de Fès-Meknès
Mrhassiyine,8355.0,Région de Fès-Meknès
Sidi Abdellah Al Khayat,12158.0,Région de Fès-Meknès
Charqaoua,4727.0,Région de Fès-Meknès
N'zalat Bni Amar,7672.0,Région de Fès-Meknès
Dkhissa,28296.0,Région de Fès-Meknès
Oued Jdida,16379.0,Région de Fès-Meknès
M'haya,30060.0,Région de Fès-Meknès
Majjate,20698.0,Région de Fès-Meknès
Sidi Slimane Moul Al Kifane,20427.0,Région de Fès-Meknès
Ain Orma,3341.0,Région de Fès-Meknès
Dar Oum Soltane,11609.0,Région de Fès-Meknès
Ait Ouallal,19079.0,Région de Fès-Meknès
Ain Karma-Oued Rommane,13986.0,Région de Fès-Meknès
Ain Jemaa,14557.0,Région de Fès-Meknès
El Hajeb,41359.0,Région de Fès-Meknès
Sabaa Aiyoun,28736.0,Région de Fès-Meknès
Ain Taoujdate,33055.0,Région de Fès-Meknès
Agourai,19158.0,Région de Fès-Meknès
Ait Bourzouine,7906.0,Région de Fès-Meknès
Iqaddar,8774.0,Région de Fès-Meknès
Ait Naamane,5857.0,Région de Fès-Meknès
Ait Harz Allah,13604.0,Région de Fès-Meknès
Ait Boubidmane,22780.0,Région de Fès-Meknès
Bitit,15241.0,Région de Fès-Meknès
Laqsir,32377.0,Région de Fès-Meknès
Tamchachate,3562.0,Région de Fès-Meknès
Ait Yaazem,16912.0,Région de Fès-Meknès
Ait Ouikhalfen,3261.0,Région de Fès-Meknès
Jahjouh,7867.0,Région de Fès-Meknès
Ras Ijerri,6707.0,Région de Fès-Meknès
Azrou,57657.0,Région de Fès-Meknès
Ifrane,13964.0,Région de Fès-Meknès
Tizguite,12204.0,Région de Fès-Meknès
Dayat-Aoua,12050.0,Région de Fès-Meknès
Ben Smim,7676.0,Région de Fès-Meknès
Tigrigra,10085.0,Région de Fès-Meknès
Timahdite,11571.0,Région de Fès-Meknès
Ain Leuh,8989.0,Région de Fès-Meknès
Sidi El Makhfi,16441.0,Région de Fès-Meknès
Oued Ifrane,10267.0,Région de Fès-Meknès
Moulay Yacoub,4545.0,Région de Fès-Meknès
Ain Chkef,91541.0,Région de Fès-Meknès
Sebaa Rouadi,26750.0,Région de Fès-Meknès
Mikkes,6145.0,Région de Fès-Meknès
Sebt Loudaya,11984.0,Région de Fès-Meknès
Laajajra,14715.0,Région de Fès-Meknès
Sidi Daoud,13088.0,Région de Fès-Meknès
Oulad Mimoun,9399.0,Région de Fès-Meknès
Louadaine,11523.0,Région de Fès-Meknès
Ain Kansara,14910.0,Région de Fès-Meknès
Ain Bou Ali,12354.0,Région de Fès-Meknès
Sefrou,86903.0,Région de Fès-Meknès
Immouzzer-Kandar,21943.0,Région de Fès-Meknès
Bhalil,13727.0,Région de Fès-Meknès
El Menzel,11400.0,Région de Fès-Meknès
Ribate El Kheir,18469.0,Région de Fès-Meknès
Kandar Sidi Khiar,10417.0,Région de Fès-Meknès
Laanoussar,9285.0,Région de Fès-Meknès
Tazouta,5804.0,Région de Fès-Meknès
Ahl Sidi Lahcen,3566.0,Région de Fès-Meknès
Sidi Youssef Ben Ahmed,13748.0,Région de Fès-Meknès
Aghbalou Aqorar,9920.0,Région de Fès-Meknès
Azzaba,6128.0,Région de Fès-Meknès
Ain Timguenai,6598.0,Région de Fès-Meknès
Mtarnagha,4056.0,Région de Fès-Meknès
Oulad Mkoudou,5872.0,Région de Fès-Meknès
Tafajight,1397.0,Région de Fès-Meknès
Adrej,1216.0,Région de Fès-Meknès
Dar El Hamra,3540.0,Région de Fès-Meknès
Irhzrane,8498.0,Région de Fès-Meknès
Ras Tabouda,6022.0,Région de Fès-Meknès
Bir Tam-Tam,8954.0,Région de Fès-Meknès
Ain Cheggag,28584.0,Région de Fès-Meknès
Ait Sebaa Lajrouf,18701.0,Région de Fès-Meknès
Boulemane,6761.0,Région de Fès-Meknès
Missour,28408.0,Région de Fès-Meknès
Outat El Haj,20673.0,Région de Fès-Meknès
Imouzzer Marmoucha,4676.0,Région de Fès-Meknès
Guigou,24677.0,Région de Fès-Meknès
Enjil,7984.0,Région de Fès-Meknès
Skoura M'daz,8297.0,Région de Fès-Meknès
Ait Bazza,2397.0,Région de Fès-Meknès
Almis Marmoucha,2292.0,Région de Fès-Meknès
Talzemt,2701.0,Région de Fès-Meknès
Ait El Mane,1694.0,Région de Fès-Meknès
Serghina,3567.0,Région de Fès-Meknès
El Mers,4887.0,Région de Fès-Meknès
Ksabi-Moulouya,10471.0,Région de Fès-Meknès
Ouizeght,5430.0,Région de Fès-Meknès
Sidi Boutayeb,9969.0,Région de Fès-Meknès
Oulad Ali Youssef,3279.0,Région de Fès-Meknès
El Orjane,7706.0,Région de Fès-Meknès
Tissaf,11615.0,Région de Fès-Meknès
Ermila,8333.0,Région de Fès-Meknès
Fritissa,29594.0,Région de Fès-Meknès
Taounate,39114.0,Région de Fès-Meknès
Karia Ba Mohamed,20859.0,Région de Fès-Meknès
Rhafsai,7117.0,Région de Fès-Meknès
Thar Es-Souk,5218.0,Région de Fès-Meknès
Tissa,12096.0,Région de Fès-Meknès
Bouchabel,13767.0,Région de Fès-Meknès
Jbabra,15904.0,Région de Fès-Meknès
Sidi El Abed,11240.0,Région de Fès-Meknès
Loulja,13679.0,Région de Fès-Meknès
Moulay Abdelkrim,6557.0,Région de Fès-Meknès
Bni Snous,8479.0,Région de Fès-Meknès
Moulay Bouchta,12554.0,Région de Fès-Meknès
Mkansa,23690.0,Région de Fès-Meknès
Rhouazi,16405.0,Région de Fès-Meknès
Ourtzarh,13256.0,Région de Fès-Meknès
Galaz,15201.0,Région de Fès-Meknès
Sidi Haj M'hamed,7880.0,Région de Fès-Meknès
Sidi Yahia Bni Zeroual,14284.0,Région de Fès-Meknès
Oudka,7380.0,Région de Fès-Meknès
Ratba,14944.0,Région de Fès-Meknès
El Bibane,5853.0,Région de Fès-Meknès
Sidi Mokhfi,7915.0,Région de Fès-Meknès
Timezgana,15191.0,Région de Fès-Meknès
Kissane,11763.0,Région de Fès-Meknès
Tabouda,13635.0,Région de Fès-Meknès
Tafrant,13217.0,Région de Fès-Meknès
Ain Mediouna,15115.0,Région de Fès-Meknès
Bni Oulid,8967.0,Région de Fès-Meknès
Bouadel,11564.0,Région de Fès-Meknès
Bouhouda,24823.0,Région de Fès-Meknès
Zrizer,7539.0,Région de Fès-Meknès
Khlalfa,14340.0,Région de Fès-Meknès
Rghioua,3666.0,Région de Fès-Meknès
Mezraoua,7712.0,Région de Fès-Meknès
Tamedit,12252.0,Région de Fès-Meknès
Bni Ounjel Tafraout,5993.0,Région de Fès-Meknès
Fennassa Bab El Hit,10285.0,Région de Fès-Meknès
El Bsabsa,7485.0,Région de Fès-Meknès
Oued Jemaa,7825.0,Région de Fès-Meknès
Ras El Oued,13299.0,Région de Fès-Meknès
Sidi M'hamed Ben Lahcen,16980.0,Région de Fès-Meknès
Ain Maatouf,8639.0,Région de Fès-Meknès
Ain Aicha,24723.0,Région de Fès-Meknès
Oulad Daoud,10800.0,Région de Fès-Meknès
Bouarouss,16329.0,Région de Fès-Meknès
Ain Legdah,10598.0,Région de Fès-Meknès
Oulad Ayyad,9763.0,Région de Fès-Meknès
Messassa,8195.0,Région de Fès-Meknès
Outabouabane,8560.0,Région de Fès-Meknès
Taza,150763.0,Région de Fès-Meknès
Tahla,28612.0,Région de Fès-Meknès
Aknoul,4410.0,Région de Fès-Meknès
Ouad Amlil,10929.0,Région de Fès-Meknès
Bourd,6996.0,Région de Fès-Meknès
Ajdir,8640.0,Région de Fès-Meknès
Gzenaya Al Janoubia,8125.0,Région de Fès-Meknès
Jbarna,2328.0,Région de Fès-Meknès
Sidi Ali Bourakba,6280.0,Région de Fès-Meknès
Tizi Ouasli,5436.0,Région de Fès-Meknès
Ait Saghrouchen,15147.0,Région de Fès-Meknès
Tazarine,2030.0,Région de Fès-Meknès
Bouyablane,1667.0,Région de Fès-Meknès
Matmata,11665.0,Région de Fès-Meknès
Smia,7385.0,Région de Fès-Meknès
Zrarda,9343.0,Région de Fès-Meknès
Bni Ftah,9632.0,Région de Fès-Meknès
Traiba,5773.0,Région de Fès-Meknès
Taifa,6000.0,Région de Fès-Meknès
Kaf El Ghar,7060.0,Région de Fès-Meknès
Msila,7800.0,Région de Fès-Meknès
Brarha,6625.0,Région de Fès-Meknès
El Gouzate,5942.0,Région de Fès-Meknès
Tainaste,10411.0,Région de Fès-Meknès
Bab Boudir,4209.0,Région de Fès-Meknès
Bab Marzouka,17323.0,Région de Fès-Meknès
Galdamane,21732.0,Région de Fès-Meknès
Meknassa Al Gharbia,3422.0,Région de Fès-Meknès
Meknassa Acharqia,5197.0,Région de Fès-Meknès
Bni Lent,10801.0,Région de Fès-Meknès
Oulad Chrif,7882.0,Région de Fès-Meknès
Maghraoua,6775.0,Région de Fès-Meknès
Oulad Zbair,17562.0,Région de Fès-Meknès
Bouhlou,8510.0,Région de Fès-Meknès
Bouchfaa,10093.0,Région de Fès-Meknès
Ghiata Al Gharbia,22437.0,Région de Fès-Meknès
Rbaa El Fouki,6156.0,Région de Fès-Meknès
Bni Frassen,19873.0,Région de Fès-Meknès
Rabat,509916.0,Région de Rabat-Salé-Kénitra
Touarga,5703.0,Région de Rabat-Salé-Kénitra
Salé,945101.0,Région de Rabat-Salé-Kénitra
Sidi Bouknadel,43598.0,Région de Rabat-Salé-Kénitra
Ameur,75942.0,Région de Rabat-Salé-Kénitra
Shoul,24913.0,Région de Rabat-Salé-Kénitra
Témara,297098.0,Région de Rabat-Salé-Kénitra
Harhoura,20950.0,Région de Rabat-Salé-Kénitra
Skhirate,122705.0,Région de Rabat-Salé-Kénitra
Ain El Aouda,98502.0,Région de Rabat-Salé-Kénitra
Ain Attig,73985.0,Région de Rabat-Salé-Kénitra
Mers El Kheir,26544.0,Région de Rabat-Salé-Kénitra
Sabbah,15552.0,Région de Rabat-Salé-Kénitra
El Menzeh,7168.0,Région de Rabat-Salé-Kénitra
Oumazza,4322.0,Région de Rabat-Salé-Kénitra
Sidi Yahya Zaer,116649.0,Région de Rabat-Salé-Kénitra
Kénitra,507736.0,Région de Rabat-Salé-Kénitra
Souk El Arbaa,70894.0,Région de Rabat-Salé-Kénitra
Mehdya,58558.0,Région de Rabat-Salé-Kénitra
Sidi Taibi,76227.0,Région de Rabat-Salé-Kénitra
Ameur Seflia,37935.0,Région de Rabat-Salé-Kénitra
Ouled Slama,23848.0,Région de Rabat-Salé-Kénitra
Haddada,22652.0,Région de Rabat-Salé-Kénitra
Mnasra,41434.0,Région de Rabat-Salé-Kénitra
Ben Mansour,53545.0,Région de Rabat-Salé-Kénitra
Sidi Mohamed Benmansour,24703.0,Région de Rabat-Salé-Kénitra
Mograne,36452.0,Région de Rabat-Salé-Kénitra
Arbaoua,35077.0,Région de Rabat-Salé-Kénitra
Oued El Makhazine,6264.0,Région de Rabat-Salé-Kénitra
Kariat Ben Aouda,11238.0,Région de Rabat-Salé-Kénitra
Beni Malek,28711.0,Région de Rabat-Salé-Kénitra
Sidi Allal Tazi,22266.0,Région de Rabat-Salé-Kénitra
Souk Tlet El Gharb,24190.0,Région de Rabat-Salé-Kénitra
Bahhara Ouled Ayad,38611.0,Région de Rabat-Salé-Kénitra
Sidi Mohamed Lahmar,52679.0,Région de Rabat-Salé-Kénitra
Moulay Bousselham,32643.0,Région de Rabat-Salé-Kénitra
Lalla Mimouna,35600.0,Région de Rabat-Salé-Kénitra
Chouafaa,21374.0,Région de Rabat-Salé-Kénitra
Sidi Boubker El Haj,21610.0,Région de Rabat-Salé-Kénitra
Khémisset,125834.0,Région de Rabat-Salé-Kénitra
Rommani,11117.0,Région de Rabat-Salé-Kénitra
Tiflet,103850.0,Région de Rabat-Salé-Kénitra
Sidi Allal El Bahraoui,29147.0,Région de Rabat-Salé-Kénitra
Ait Mimoune,7065.0,Région de Rabat-Salé-Kénitra
Ait Ouribel,9375.0,Région de Rabat-Salé-Kénitra
Majmaa Tolba,15447.0,Région de Rabat-Salé-Kénitra
El Ganzra,13792.0,Région de Rabat-Salé-Kénitra
Ait Yadine,21007.0,Région de Rabat-Salé-Kénitra
Sfassif,7071.0,Région de Rabat-Salé-Kénitra
Ait Siberne,4676.0,Région de Rabat-Salé-Kénitra
Sidi Allal Lamsadder,6875.0,Région de Rabat-Salé-Kénitra
Sidi El Rhandour,7644.0,Région de Rabat-Salé-Kénitra
Houderrane,6049.0,Région de Rabat-Salé-Kénitra
Maaziz,10812.0,Région de Rabat-Salé-Kénitra
Ait Ikkou,8179.0,Région de Rabat-Salé-Kénitra
Bouqachmir,2877.0,Région de Rabat-Salé-Kénitra
Ait Ichou,1454.0,Région de Rabat-Salé-Kénitra
Oulmes,19579.0,Région de Rabat-Salé-Kénitra
Tiddas,9013.0,Région de Rabat-Salé-Kénitra
Brachoua,11851.0,Région de Rabat-Salé-Kénitra
My Driss Aghbal,4583.0,Région de Rabat-Salé-Kénitra
Jemaat Moul Blad,5051.0,Région de Rabat-Salé-Kénitra
Laghoualem,12051.0,Région de Rabat-Salé-Kénitra
Marchouch,13017.0,Région de Rabat-Salé-Kénitra
Ain Sbit,10425.0,Région de Rabat-Salé-Kénitra
Ezzhiliga,14788.0,Région de Rabat-Salé-Kénitra
M'qam Tolba,15070.0,Région de Rabat-Salé-Kénitra
Sidi Abderrazak,14021.0,Région de Rabat-Salé-Kénitra
Ait Malek,3809.0,Région de Rabat-Salé-Kénitra
Ait Ali Ou Lahcen,5139.0,Région de Rabat-Salé-Kénitra
Ain Johra-Sidi Boukhalkhal,16644.0,Région de Rabat-Salé-Kénitra
Ait Belkacem,4396.0,Région de Rabat-Salé-Kénitra
Khemis Sidi Yahya,6837.0,Région de Rabat-Salé-Kénitra
Ait Bouyahia El Hajjama,4491.0,Région de Rabat-Salé-Kénitra
Sidi Kacem,75037.0,Région de Rabat-Salé-Kénitra
Mechraa Bel Ksiri,32615.0,Région de Rabat-Salé-Kénitra
Had Kourt,8554.0,Région de Rabat-Salé-Kénitra
Jorf El Melha,31976.0,Région de Rabat-Salé-Kénitra
Dar Gueddari,7826.0,Région de Rabat-Salé-Kénitra
Bni Oual,6623.0,Région de Rabat-Salé-Kénitra
Ain Dfali,23018.0,Région de Rabat-Salé-Kénitra
Moulay Abdelkader,7740.0,Région de Rabat-Salé-Kénitra
Sidi Azzouz,14484.0,Région de Rabat-Salé-Kénitra
Sidi Ahmed Benaissa,7685.0,Région de Rabat-Salé-Kénitra
Sidi Ameur Al Hadi,11703.0,Région de Rabat-Salé-Kénitra
Lamrabih,20154.0,Région de Rabat-Salé-Kénitra
Taoughilt,15013.0,Région de Rabat-Salé-Kénitra
Khnichet,26246.0,Région de Rabat-Salé-Kénitra
Oulad Nouel,11578.0,Région de Rabat-Salé-Kénitra
Sidi M'hamed Chelh,7977.0,Région de Rabat-Salé-Kénitra
Sidi Al Kamel,34016.0,Région de Rabat-Salé-Kénitra
Rmilat,19117.0,Région de Rabat-Salé-Kénitra
Dar Laaslouji,36072.0,Région de Rabat-Salé-Kénitra
Nouirate,26833.0,Région de Rabat-Salé-Kénitra
Al Haouafate,18528.0,Région de Rabat-Salé-Kénitra
Sefsaf,28106.0,Région de Rabat-Salé-Kénitra
Bab Tiouka,7626.0,Région de Rabat-Salé-Kénitra
Zirara,16829.0,Région de Rabat-Salé-Kénitra
Chbanate,10303.0,Région de Rabat-Salé-Kénitra
Zaggota,10245.0,Région de Rabat-Salé-Kénitra
Selfat,10366.0,Région de Rabat-Salé-Kénitra
Bir Taleb,11843.0,Région de Rabat-Salé-Kénitra
Tekna,7396.0,Région de Rabat-Salé-Kénitra
Sidi Slimane,95114.0,Région de Rabat-Salé-Kénitra
Sidi Yahia El Gharb,39946.0,Région de Rabat-Salé-Kénitra
Boumaiz,22693.0,Région de Rabat-Salé-Kénitra
Dar Bel Amri,32873.0,Région de Rabat-Salé-Kénitra
Azghar,11707.0,Région de Rabat-Salé-Kénitra
Ouled Ben Hammadi,13491.0,Région de Rabat-Salé-Kénitra
M'saada,22399.0,Région de Rabat-Salé-Kénitra
Ouled H'cine,33227.0,Région de Rabat-Salé-Kénitra
Sfafaa,24744.0,Région de Rabat-Salé-Kénitra
Kceibya,33007.0,Région de Rabat-Salé-Kénitra
Ameur Chamalia,21998.0,Région de Rabat-Salé-Kénitra
Béni Mellal,209594.0,Région de Béni Mellal-Khénifra
Kasba Tadla,48172.0,Région de Béni Mellal-Khénifra
Zaouiat Cheikh,25088.0,Région de Béni Mellal-Khénifra
El Ksiba,19964.0,Région de Béni Mellal-Khénifra
Ouled Gnaou,13366.0,Région de Béni Mellal-Khénifra
Ouled M'barek,21636.0,Région de Béni Mellal-Khénifra
Foum Oudi,16256.0,Région de Béni Mellal-Khénifra
Ouled Yaich,25785.0,Région de Béni Mellal-Khénifra
Sidi Jaber,20455.0,Région de Béni Mellal-Khénifra
Foum El Anceur,24232.0,Région de Béni Mellal-Khénifra
Naour,5389.0,Région de Béni Mellal-Khénifra
Dir El Ksiba,25851.0,Région de Béni Mellal-Khénifra
Tanougha,13773.0,Région de Béni Mellal-Khénifra
Taghzirt,20023.0,Région de Béni Mellal-Khénifra
Ait Oum El Bekht,7863.0,Région de Béni Mellal-Khénifra
Aghbala,13373.0,Région de Béni Mellal-Khénifra
Tizi N'isly,12547.0,Région de Béni Mellal-Khénifra
Boutferda,7952.0,Région de Béni Mellal-Khénifra
Guettaya,13153.0,Région de Béni Mellal-Khénifra
Semguet,8167.0,Région de Béni Mellal-Khénifra
Ouled Youssef,14247.0,Région de Béni Mellal-Khénifra
Ouled Said Loued,13441.0,Région de Béni Mellal-Khénifra
Azilal,48138.0,Région de Béni Mellal-Khénifra
Demnate,33635.0,Région de Béni Mellal-Khénifra
Ait M'hamed,23531.0,Région de Béni Mellal-Khénifra
Ait Abbas,13548.0,Région de Béni Mellal-Khénifra
Tabant,16401.0,Région de Béni Mellal-Khénifra
Ait Bou Oulli,11992.0,Région de Béni Mellal-Khénifra
Agoudi N'lkhair,11964.0,Région de Béni Mellal-Khénifra
Tamda Noumercid,12959.0,Région de Béni Mellal-Khénifra
Zaouiat Ahansal,11260.0,Région de Béni Mellal-Khénifra
Tisqi,5734.0,Région de Béni Mellal-Khénifra
Taounza,10254.0,Région de Béni Mellal-Khénifra
Moulay Aissa Ben Driss,13409.0,Région de Béni Mellal-Khénifra
Bzou,13602.0,Région de Béni Mellal-Khénifra
Rfala,9352.0,Région de Béni Mellal-Khénifra
Ait Taguella,8662.0,Région de Béni Mellal-Khénifra
Tanant,10891.0,Région de Béni Mellal-Khénifra
Foum Jemaa,9373.0,Région de Béni Mellal-Khénifra
Tabia,7354.0,Région de Béni Mellal-Khénifra
Bni Hassane,12390.0,Région de Béni Mellal-Khénifra
Ouaoula,26410.0,Région de Béni Mellal-Khénifra
Ait Majden,18538.0,Région de Béni Mellal-Khénifra
Tifni,10906.0,Région de Béni Mellal-Khénifra
Imlil,11175.0,Région de Béni Mellal-Khénifra
Sidi Boulkhalf,16229.0,Région de Béni Mellal-Khénifra
Ait Blal,7840.0,Région de Béni Mellal-Khénifra
Ait Oumdis,13908.0,Région de Béni Mellal-Khénifra
Ait Tamlil,18091.0,Région de Béni Mellal-Khénifra
Anzou,16554.0,Région de Béni Mellal-Khénifra
Tidili Fetouaka,13661.0,Région de Béni Mellal-Khénifra
Sidi Yacoub,18868.0,Région de Béni Mellal-Khénifra
Anergui,3976.0,Région de Béni Mellal-Khénifra
Bin El Ouidane,4605.0,Région de Béni Mellal-Khénifra
Isseksi,1464.0,Région de Béni Mellal-Khénifra
Ouaouizeght,13402.0,Région de Béni Mellal-Khénifra
Tiffert N'ait Hamza,3784.0,Région de Béni Mellal-Khénifra
Ait Ouqabli,3405.0,Région de Béni Mellal-Khénifra
Tagleft,16412.0,Région de Béni Mellal-Khénifra
Tabaroucht,3877.0,Région de Béni Mellal-Khénifra
Ait Mazigh,2765.0,Région de Béni Mellal-Khénifra
Tilougguite,11592.0,Région de Béni Mellal-Khénifra
Afourar,20215.0,Région de Béni Mellal-Khénifra
Timoulilt,6852.0,Région de Béni Mellal-Khénifra
Ait Ouaarda,1459.0,Région de Béni Mellal-Khénifra
Bni A'yat,23675.0,Région de Béni Mellal-Khénifra
Fquih Ben Salah,97380.0,Région de Béni Mellal-Khénifra
Souk Sebt Ouled Nemma,60293.0,Région de Béni Mellal-Khénifra
Ouled Ayad,24564.0,Région de Béni Mellal-Khénifra
Sidi Hammadi,12981.0,Région de Béni Mellal-Khénifra
Ouled Bourahmoune,14583.0,Région de Béni Mellal-Khénifra
Sidi Aissa Ben Ali,24503.0,Région de Béni Mellal-Khénifra
Ouled Zmam,30039.0,Région de Béni Mellal-Khénifra
Krifate,28601.0,Région de Béni Mellal-Khénifra
Hel Merbaa,9692.0,Région de Béni Mellal-Khénifra
Khalfia,13766.0,Région de Béni Mellal-Khénifra
Bradia,37064.0,Région de Béni Mellal-Khénifra
Bni Chegdale,10413.0,Région de Béni Mellal-Khénifra
Bni Oukil,14097.0,Région de Béni Mellal-Khénifra
Dar Ould Zidouh,30114.0,Région de Béni Mellal-Khénifra
Had Boumoussa,41154.0,Région de Béni Mellal-Khénifra
Ouled Nacer,26733.0,Région de Béni Mellal-Khénifra
Khenifra,123738.0,Région de Béni Mellal-Khénifra
M'rirt,46285.0,Région de Béni Mellal-Khénifra
Ouaoumana,8850.0,Région de Béni Mellal-Khénifra
Ait Ishaq,17847.0,Région de Béni Mellal-Khénifra
El Kbab,14580.0,Région de Béni Mellal-Khénifra
Sidi Yahya Ou Saad,6911.0,Région de Béni Mellal-Khénifra
Tighassaline,15788.0,Région de Béni Mellal-Khénifra
Ait Saadelli,2629.0,Région de Béni Mellal-Khénifra
Kerrouchen,6796.0,Région de Béni Mellal-Khénifra
Sidi Amar,1625.0,Région de Béni Mellal-Khénifra
Sidi Lamine,16501.0,Région de Béni Mellal-Khénifra
El Borj,3266.0,Région de Béni Mellal-Khénifra
Moha Ou Hammou Zayani,10444.0,Région de Béni Mellal-Khénifra
Aguelmam Azegza,6781.0,Région de Béni Mellal-Khénifra
Lehri,8669.0,Région de Béni Mellal-Khénifra
Sidi Hcine,2510.0,Région de Béni Mellal-Khénifra
Aguelmous,36560.0,Région de Béni Mellal-Khénifra
Had Bouhssoussen,7303.0,Région de Béni Mellal-Khénifra
Moulay Bouazza,7621.0,Région de Béni Mellal-Khénifra
Sebt Ait Rahou,8018.0,Région de Béni Mellal-Khénifra
El Hammam,9697.0,Région de Béni Mellal-Khénifra
Oum Rabia,7821.0,Région de Béni Mellal-Khénifra
Khouribga,195931.0,Région de Béni Mellal-Khénifra
Oued Zem,93776.0,Région de Béni Mellal-Khénifra
Bejaad,47209.0,Région de Béni Mellal-Khénifra
Boujniba,14722.0,Région de Béni Mellal-Khénifra
Hattane,9727.0,Région de Béni Mellal-Khénifra
Rouached,3353.0,Région de Béni Mellal-Khénifra
Chougrane,5591.0,Région de Béni Mellal-Khénifra
Tachraft,3082.0,Région de Béni Mellal-Khénifra
Ain Kaicher,3900.0,Région de Béni Mellal-Khénifra
Bni Bataou,4191.0,Région de Béni Mellal-Khénifra
Boukhrisse,4323.0,Région de Béni Mellal-Khénifra
Bni Zrantel,5533.0,Région de Béni Mellal-Khénifra
Oulad Gouaouch,2474.0,Région de Béni Mellal-Khénifra
Bni Ykhlef,8928.0,Région de Béni Mellal-Khénifra
Lagfaf,8560.0,Région de Béni Mellal-Khénifra
Boulanouare,15043.0,Région de Béni Mellal-Khénifra
Bir Mezoui,5617.0,Région de Béni Mellal-Khénifra
El Foqra,2965.0,Région de Béni Mellal-Khénifra
M'fassis,4937.0,Région de Béni Mellal-Khénifra
Oulad Abdoune,15860.0,Région de Béni Mellal-Khénifra
Oulad Azzouz,8983.0,Région de Béni Mellal-Khénifra
Ait Ammar,3392.0,Région de Béni Mellal-Khénifra
Oulad Ftata,2552.0,Région de Béni Mellal-Khénifra
Lagnadiz,6905.0,Région de Béni Mellal-Khénifra
Oulad Boughadi,8147.0,Région de Béni Mellal-Khénifra
Bni Smir,6725.0,Région de Béni Mellal-Khénifra
Kasbat Troch,8612.0,Région de Béni Mellal-Khénifra
Maadna,5595.0,Région de Béni Mellal-Khénifra
Oulad Fennane,6912.0,Région de Béni Mellal-Khénifra
Braksa,6948.0,Région de Béni Mellal-Khénifra
Oulad Aissa,4652.0,Région de Béni Mellal-Khénifra
Casablanca,3215935.0,Région de Casablanca-Settat
Méchouar de Casablanca,2101.0,Région de Casablanca-Settat
Mohammadia,194358.0,Région de Casablanca-Settat
Ain Harrouda,60804.0,Région de Casablanca-Settat
Bni Yakhlef,117653.0,Région de Casablanca-Settat
Ech-challalate,98015.0,Région de Casablanca-Settat
Sidi Moussa Ben Ali,12973.0,Région de Casablanca-Settat
Sidi Moussa El Majdoub,30254.0,Région de Casablanca-Settat
El Jadida,237464.0,Région de Casablanca-Settat
Azemmour,42098.0,Région de Casablanca-Settat
Lbir Jdid,30247.0,Région de Casablanca-Settat
Lamharza Essahel,20929.0,Région de Casablanca-Settat
Laghdira,26192.0,Région de Casablanca-Settat
Sidi Ali Ben Hamdouche,38169.0,Région de Casablanca-Settat
Chtouka,38025.0,Région de Casablanca-Settat
Haouzia,35777.0,Région de Casablanca-Settat
Oulad Rahmoune,33380.0,Région de Casablanca-Settat
My Abdellah,103993.0,Région de Casablanca-Settat
Ouled Hcine,36018.0,Région de Casablanca-Settat
Sidi M'hamed Akhdim,11038.0,Région de Casablanca-Settat
Ouled Ghanem,27895.0,Région de Casablanca-Settat
Sidi Abed,25935.0,Région de Casablanca-Settat
Oulad Aissa,25367.0,Région de Casablanca-Settat
Oulad Sidi Ali Ben Youssef,9641.0,Région de Casablanca-Settat
Ouled Frej,20176.0,Région de Casablanca-Settat
Zaouiat Lakouacem,11490.0,Région de Casablanca-Settat
Si Hsaien Ben Abderrahmane,6014.0,Région de Casablanca-Settat
Chaibate,9821.0,Région de Casablanca-Settat
Oulad Hamdane,12130.0,Région de Casablanca-Settat
Mettouh,26075.0,Région de Casablanca-Settat
Boulaouane,14740.0,Région de Casablanca-Settat
Mogress,16277.0,Région de Casablanca-Settat
Sidi Smail,32694.0,Région de Casablanca-Settat
Sebt Saiss,11052.0,Région de Casablanca-Settat
Zaouiat Saiss,11730.0,Région de Casablanca-Settat
Nouaceur,36326.0,Région de Casablanca-Settat
Bouskoura,200359.0,Région de Casablanca-Settat
Dar Bouazza,302970.0,Région de Casablanca-Settat
Oulad Azzouz,81048.0,Région de Casablanca-Settat
Ouled Salah,51621.0,Région de Casablanca-Settat
Tit Mellil,56019.0,Région de Casablanca-Settat
Mediouna,29972.0,Région de Casablanca-Settat
Lahraouyine,87977.0,Région de Casablanca-Settat
Sidi Hajjaj Oued Hassar,76362.0,Région de Casablanca-Settat
Almajjatia Oulad Taleb,95457.0,Région de Casablanca-Settat
Benslimane,67317.0,Région de Casablanca-Settat
Bouznika,55722.0,Région de Casablanca-Settat
El Mansouria,29139.0,Région de Casablanca-Settat
Fdalate,12700.0,Région de Casablanca-Settat
Oulad Yahya Louta,9612.0,Région de Casablanca-Settat
Moualine El Oued,9117.0,Région de Casablanca-Settat
Ahlaf,12116.0,Région de Casablanca-Settat
Rdadna Oulad Malek,4170.0,Région de Casablanca-Settat
Mellila,15692.0,Région de Casablanca-Settat
Oulad Ali Toualaa,5475.0,Région de Casablanca-Settat
Ziaida,14092.0,Région de Casablanca-Settat
Charrate,11266.0,Région de Casablanca-Settat
Sidi Bettache,7595.0,Région de Casablanca-Settat
Bir Ennasr,4256.0,Région de Casablanca-Settat
Ain Tizgha,21248.0,Région de Casablanca-Settat
Berrechid,168687.0,Région de Casablanca-Settat
El Gara,20467.0,Région de Casablanca-Settat
Oulad Abbou,10894.0,Région de Casablanca-Settat
Sidi Rahal Chatai,34431.0,Région de Casablanca-Settat
Had Soualem,74762.0,Région de Casablanca-Settat
Deroua,96619.0,Région de Casablanca-Settat
Lahsasna,10854.0,Région de Casablanca-Settat
Sidi El Mekki,9476.0,Région de Casablanca-Settat
Zaouiat Sidi Ben Hamdoun,9315.0,Région de Casablanca-Settat
Ben Maachou,8338.0,Région de Casablanca-Settat
Sidi Abdelkhaleq,6141.0,Région de Casablanca-Settat
Laghnimyine,18081.0,Région de Casablanca-Settat
Sahel Oulad H'riz,43776.0,Région de Casablanca-Settat
Soualem Trifiya,45285.0,Région de Casablanca-Settat
Oulad Ziyane,20004.0,Région de Casablanca-Settat
Kasbat Ben Mchich,15374.0,Région de Casablanca-Settat
Jaqma,10733.0,Région de Casablanca-Settat
Lambarkiyne,8863.0,Région de Casablanca-Settat
Riah,8421.0,Région de Casablanca-Settat
Foqra Oulad Aameur,6093.0,Région de Casablanca-Settat
Ouled Cebbah,7489.0,Région de Casablanca-Settat
Ouled Zidane,6554.0,Région de Casablanca-Settat
Settat,171556.0,Région de Casablanca-Settat
Ben Ahmed,33469.0,Région de Casablanca-Settat
Loulad,5772.0,Région de Casablanca-Settat
Oulad M'rah,8027.0,Région de Casablanca-Settat
El Borouj,19438.0,Région de Casablanca-Settat
N'khila,12787.0,Région de Casablanca-Settat
Lakhzazra,7455.0,Région de Casablanca-Settat
M'garto,7508.0,Région de Casablanca-Settat
Sidi Dahbi,8972.0,Région de Casablanca-Settat
Ouled M'hamed,9081.0,Région de Casablanca-Settat
Ain Dorbane-Lahlaf,9151.0,Région de Casablanca-Settat
Bouguargouh,9718.0,Région de Casablanca-Settat
Sidi Abdelkrim,13759.0,Région de Casablanca-Settat
Mniaa,11088.0,Région de Casablanca-Settat
Sidi Hajjaj,22360.0,Région de Casablanca-Settat
Oulad Fares,12096.0,Région de Casablanca-Settat
Mrizigue,7926.0,Région de Casablanca-Settat
Sgamna,9427.0,Région de Casablanca-Settat
Oulad Chbana,9513.0,Région de Casablanca-Settat
Oued Naanaa,7075.0,Région de Casablanca-Settat
Ras El Ain Chaouia,14244.0,Région de Casablanca-Settat
Oulad Fares El Halla,2521.0,Région de Casablanca-Settat
Oulad Bouali Nouaja,5393.0,Région de Casablanca-Settat
Meskoura,6159.0,Région de Casablanca-Settat
Oulad Amer,5871.0,Région de Casablanca-Settat
Laqraqra,10493.0,Région de Casablanca-Settat
Bni Khloug,12092.0,Région de Casablanca-Settat
Sidi Boumehdi,4150.0,Région de Casablanca-Settat
Sidi Ahmed El Khadir,9731.0,Région de Casablanca-Settat
Ain Blal,3992.0,Région de Casablanca-Settat
Oulad Freiha,11410.0,Région de Casablanca-Settat
Dar Chaffai,17411.0,Région de Casablanca-Settat
Sidi El Aidi,14165.0,Région de Casablanca-Settat
Mzamza Janoubia,22419.0,Région de Casablanca-Settat
Khemisset Chaouia,5104.0,Région de Casablanca-Settat
Oulad Said,8745.0,Région de Casablanca-Settat
Lahouaza,7018.0,Région de Casablanca-Settat
Mzoura,8426.0,Région de Casablanca-Settat
Gdana,8462.0,Région de Casablanca-Settat
Guisser,12189.0,Région de Casablanca-Settat
Rima,8203.0,Région de Casablanca-Settat
Oulad Sghir,13153.0,Région de Casablanca-Settat
Bni Yagrine,13099.0,Région de Casablanca-Settat
Toualet,11822.0,Région de Casablanca-Settat
Machraa Ben Abbou,9331.0,Région de Casablanca-Settat
Sidi Mohammed Ben Rahal,10511.0,Région de Casablanca-Settat
Sidi Bennour,56201.0,Région de Casablanca-Settat
Zmamra,13993.0,Région de Casablanca-Settat
Loualidia,21742.0,Région de Casablanca-Settat
Lmechrek,15770.0,Région de Casablanca-Settat
Oulad Si Bouhya,18535.0,Région de Casablanca-Settat
Laatatra,18928.0,Région de Casablanca-Settat
Bouhmame,23637.0,Région de Casablanca-Settat
Jabria,21071.0,Région de Casablanca-Settat
M'tal,8773.0,Région de Casablanca-Settat
Laamria,9957.0,Région de Casablanca-Settat
Bni Hilal,16767.0,Région de Casablanca-Settat
Bni Tsiriss,12794.0,Région de Casablanca-Settat
Laaounate,17486.0,Région de Casablanca-Settat
Metrane,9201.0,Région de Casablanca-Settat
Oulad Boussaken,5962.0,Région de Casablanca-Settat
Khmis Ksiba,5249.0,Région de Casablanca-Settat
Koudiat Bni Dghough,15550.0,Région de Casablanca-Settat
Tamda,9043.0,Région de Casablanca-Settat
Oulad Amrane,12059.0,Région de Casablanca-Settat
Kridid,14259.0,Région de Casablanca-Settat
Laagagcha,14059.0,Région de Casablanca-Settat
Lgharbia,22622.0,Région de Casablanca-Settat
Oulad Sbaita,25231.0,Région de Casablanca-Settat
Laghnadra,34680.0,Région de Casablanca-Settat
Saniat Berguig,28361.0,Région de Casablanca-Settat
Marrakech,1002697.0,Région de Marrakech-Safi
Méchouar-Kasba,12116.0,Région de Marrakech-Safi
Tassoultante,106013.0,Région de Marrakech-Safi
Loudaya,41761.0,Région de Marrakech-Safi
Ait Imour,14603.0,Région de Marrakech-Safi
Agafay,17771.0,Région de Marrakech-Safi
Sid Zouine,17130.0,Région de Marrakech-Safi
Souihla,32506.0,Région de Marrakech-Safi
Saada,91903.0,Région de Marrakech-Safi
Harbil,105790.0,Région de Marrakech-Safi
M'nabha,13565.0,Région de Marrakech-Safi
Ouled Dlim,14468.0,Région de Marrakech-Safi
Ouahat Sidi Brahim,36493.0,Région de Marrakech-Safi
Al Ouidane,37450.0,Région de Marrakech-Safi
Oulad Hassoune,27314.0,Région de Marrakech-Safi
Chichaoua,38452.0,Région de Marrakech-Safi
Imintanoute,25049.0,Région de Marrakech-Safi
Ait Hadi,8847.0,Région de Marrakech-Safi
Sidi Bouzid Arragragui,8622.0,Région de Marrakech-Safi
Lamzoudia,27004.0,Région de Marrakech-Safi
Oulad Moumna,7092.0,Région de Marrakech-Safi
Sid L'mokhtar,27083.0,Région de Marrakech-Safi
Ahdil,11130.0,Région de Marrakech-Safi
Sidi M'hamed Dalil,5619.0,Région de Marrakech-Safi
Saidate,6354.0,Région de Marrakech-Safi
Nfifa,6282.0,Région de Marrakech-Safi
Ouad L'bour,4918.0,Région de Marrakech-Safi
Afalla Issen,7221.0,Région de Marrakech-Safi
Timezgadiouine,6780.0,Région de Marrakech-Safi
Irohalen,5031.0,Région de Marrakech-Safi
Ain Tazitounte,4651.0,Région de Marrakech-Safi
Sidi Ghanem,8397.0,Région de Marrakech-Safi
Ait Haddou Youssef,5174.0,Région de Marrakech-Safi
Lalla Aaziza,7534.0,Région de Marrakech-Safi
Bouabout Amdlane,6405.0,Région de Marrakech-Safi
Rahhala,4859.0,Région de Marrakech-Safi
Bouabout,9825.0,Région de Marrakech-Safi
Kouzemt,3371.0,Région de Marrakech-Safi
Timlilt,5582.0,Région de Marrakech-Safi
Ichamraren,5707.0,Région de Marrakech-Safi
Sidi Abdelmoumen,7055.0,Région de Marrakech-Safi
Taouloukoult,9362.0,Région de Marrakech-Safi
Gmassa,10675.0,Région de Marrakech-Safi
Majjat,14708.0,Région de Marrakech-Safi
Douirane,17256.0,Région de Marrakech-Safi
Zaouia Annahlia,11722.0,Région de Marrakech-Safi
M'zouda,25342.0,Région de Marrakech-Safi
Assif El Mal,8002.0,Région de Marrakech-Safi
Adassil,7078.0,Région de Marrakech-Safi
Imindounit,10890.0,Région de Marrakech-Safi
Ait Ourir,56954.0,Région de Marrakech-Safi
Amizmiz,13840.0,Région de Marrakech-Safi
Tahannaout,16236.0,Région de Marrakech-Safi
Ait Sidi Daoud,21010.0,Région de Marrakech-Safi
Ait Faska,33076.0,Région de Marrakech-Safi
Sidi Abdellah Ghiat,43237.0,Région de Marrakech-Safi
Tamazouzte,16886.0,Région de Marrakech-Safi
Iguerferouane,12432.0,Région de Marrakech-Safi
Ghmate,28674.0,Région de Marrakech-Safi
Tidili Mesfioua,20283.0,Région de Marrakech-Safi
Tamaguert,10022.0,Région de Marrakech-Safi
Touama,11401.0,Région de Marrakech-Safi
Zerkten,18335.0,Région de Marrakech-Safi
Tighedouine,21161.0,Région de Marrakech-Safi
Ait Aadel,8724.0,Région de Marrakech-Safi
Ait Hkim-Ait Yzid,8104.0,Région de Marrakech-Safi
Abadou,10484.0,Région de Marrakech-Safi
Tazart,14584.0,Région de Marrakech-Safi
Asni,22637.0,Région de Marrakech-Safi
Ighil,4666.0,Région de Marrakech-Safi
Aghbar,3447.0,Région de Marrakech-Safi
Talat N'yaaqoub,7153.0,Région de Marrakech-Safi
Ijoukak,5633.0,Région de Marrakech-Safi
Imgdal,4782.0,Région de Marrakech-Safi
Ouirgane,7687.0,Région de Marrakech-Safi
Amghras,5966.0,Région de Marrakech-Safi
Anougal,4006.0,Région de Marrakech-Safi
Azgour,6208.0,Région de Marrakech-Safi
Tizguine,5185.0,Région de Marrakech-Safi
Dar Jamaa,6184.0,Région de Marrakech-Safi
Sidi Badhaj,5835.0,Région de Marrakech-Safi
Oulad Mtaa,6915.0,Région de Marrakech-Safi
Lalla Takarkoust,8419.0,Région de Marrakech-Safi
Ouazguita,5270.0,Région de Marrakech-Safi
Ourika,50558.0,Région de Marrakech-Safi
Sti Fadma,24159.0,Région de Marrakech-Safi
Oukaimden,4790.0,Région de Marrakech-Safi
Aghouatim,36258.0,Région de Marrakech-Safi
Moulay Brahim,11331.0,Région de Marrakech-Safi
Tameslohte,40283.0,Région de Marrakech-Safi
Kelâat Sraghna,106418.0,Région de Marrakech-Safi
Laattaouia,38405.0,Région de Marrakech-Safi
Sidi Rahal,10276.0,Région de Marrakech-Safi
Tamallalt,20528.0,Région de Marrakech-Safi
Oulad Aarrad,6065.0,Région de Marrakech-Safi
Choara,12249.0,Région de Marrakech-Safi
Laattaouia Ech-Chaibia,5910.0,Région de Marrakech-Safi
Dzouz,11527.0,Région de Marrakech-Safi
Fraita,10721.0,Région de Marrakech-Safi
Laatamna,9318.0,Région de Marrakech-Safi
Ouargui,10788.0,Région de Marrakech-Safi
Bouya Omar,14701.0,Région de Marrakech-Safi
Assahrij,16313.0,Région de Marrakech-Safi
Sour El Aaz,3755.0,Région de Marrakech-Safi
Oulad Khallouf,9172.0,Région de Marrakech-Safi
Louad Lakhdar,9125.0,Région de Marrakech-Safi
M'zem Sanhaja,10946.0,Région de Marrakech-Safi
Sidi Aissa Ben Slimane,19164.0,Région de Marrakech-Safi
Zemrane,14995.0,Région de Marrakech-Safi
Zemrane Charqia,29569.0,Région de Marrakech-Safi
Jouala,10283.0,Région de Marrakech-Safi
Jbiel,10593.0,Région de Marrakech-Safi
Oulad Sbih,6513.0,Région de Marrakech-Safi
Hiadna,12870.0,Région de Marrakech-Safi
Oulad Zarrad,13243.0,Région de Marrakech-Safi
Oulad Cherki,7185.0,Région de Marrakech-Safi
El Marbouh,9468.0,Région de Marrakech-Safi
Mayate,11443.0,Région de Marrakech-Safi
Znada,7230.0,Région de Marrakech-Safi
Oulad Yaacoub,6791.0,Région de Marrakech-Safi
Oulad El Garne,7728.0,Région de Marrakech-Safi
Lounasda,10866.0,Région de Marrakech-Safi
El Aamria,8625.0,Région de Marrakech-Safi
Sidi El Hattab,9638.0,Région de Marrakech-Safi
Sidi Moussa,8600.0,Région de Marrakech-Safi
Oulad Msabbel,6216.0,Région de Marrakech-Safi
Oulad Massaoud,4188.0,Région de Marrakech-Safi
Eddachra,6939.0,Région de Marrakech-Safi
Oulad Aamer,6996.0,Région de Marrakech-Safi
Oulad Bouali Loued,6302.0,Région de Marrakech-Safi
Errafiaya,4903.0,Région de Marrakech-Safi
Taouzint,5217.0,Région de Marrakech-Safi
Chtaiba,8491.0,Région de Marrakech-Safi
Essaouira,82962.0,Région de Marrakech-Safi
El Hanchane,5319.0,Région de Marrakech-Safi
Talmest,4638.0,Région de Marrakech-Safi
Ait Daoud,3653.0,Région de Marrakech-Safi
Tamanar,11617.0,Région de Marrakech-Safi
Had Dra,9435.0,Région de Marrakech-Safi
Takate,9993.0,Région de Marrakech-Safi
Ounagha,13310.0,Région de Marrakech-Safi
Moulay Bouzarqtoune,5608.0,Région de Marrakech-Safi
Aquermoud,15981.0,Région de Marrakech-Safi
Sidi Ishaq,10055.0,Région de Marrakech-Safi
Sidi Ali El Korati,6099.0,Région de Marrakech-Safi
Zaouiat Ben Hmida,7317.0,Région de Marrakech-Safi
M'khalif,5062.0,Région de Marrakech-Safi
Sidi Abdeljalil,6056.0,Région de Marrakech-Safi
Sidi Laaroussi,10604.0,Région de Marrakech-Safi
Oulad M'rabet,3951.0,Région de Marrakech-Safi
Tafetachte,7342.0,Région de Marrakech-Safi
Mejji,6479.0,Région de Marrakech-Safi
Kechoula,5934.0,Région de Marrakech-Safi
Mzilate,3573.0,Région de Marrakech-Safi
Sidi M'hamed Ou Marzouq,4306.0,Région de Marrakech-Safi
M'ramer,6488.0,Région de Marrakech-Safi
Sidi Boulaalam,7681.0,Région de Marrakech-Safi
Sidi Aissa Regragui,7567.0,Région de Marrakech-Safi
Meskala,4378.0,Région de Marrakech-Safi
Mouarid,5320.0,Région de Marrakech-Safi
Korimate,9526.0,Région de Marrakech-Safi
Lahsinate,4932.0,Région de Marrakech-Safi
Ait Said,6027.0,Région de Marrakech-Safi
Lagdadra,6699.0,Région de Marrakech-Safi
Adaghas,1656.0,Région de Marrakech-Safi
Assais,4442.0,Région de Marrakech-Safi
Bouzemmour,3940.0,Région de Marrakech-Safi
Aglif,6499.0,Région de Marrakech-Safi
Takoucht,3209.0,Région de Marrakech-Safi
Sidi Ghaneme,4161.0,Région de Marrakech-Safi
Ezzaouite,5818.0,Région de Marrakech-Safi
Tahelouante,2910.0,Région de Marrakech-Safi
Bizdad,7077.0,Région de Marrakech-Safi
Sidi Kaouki,4877.0,Région de Marrakech-Safi
Aguerd,5370.0,Région de Marrakech-Safi
Sidi H'mad Ou Hamed,3548.0,Région de Marrakech-Safi
Tidzi,3770.0,Région de Marrakech-Safi
Sidi El Jazouli,5554.0,Région de Marrakech-Safi
Imi-N'tlit,7179.0,Région de Marrakech-Safi
Smimou,8883.0,Région de Marrakech-Safi
Tafedna,4999.0,Région de Marrakech-Safi
Sidi Ahmed Essayeh,5233.0,Région de Marrakech-Safi
Ida Ou Aazza,7635.0,Région de Marrakech-Safi
Ait Aissa Ihahane,2563.0,Région de Marrakech-Safi
Imgrade,4817.0,Région de Marrakech-Safi
Targante,6392.0,Région de Marrakech-Safi
Timzguida-Ouftas,4952.0,Région de Marrakech-Safi
Sidi Hmad Ou M'barek,4726.0,Région de Marrakech-Safi
Ida Ou Kazzou,3511.0,Région de Marrakech-Safi
Ida Ou Guelloul,5086.0,Région de Marrakech-Safi
Ben Guerir,114872.0,Région de Marrakech-Safi
Sidi Bou Othmane,12490.0,Région de Marrakech-Safi
Jaafra,10689.0,Région de Marrakech-Safi
Sidi Abdellah,9447.0,Région de Marrakech-Safi
Skoura Lhadra,7877.0,Région de Marrakech-Safi
Sidi Ghanem,8039.0,Région de Marrakech-Safi
Sidi Mansour,4766.0,Région de Marrakech-Safi
Skhour Rhamna,15565.0,Région de Marrakech-Safi
Sidi Ali Labrahla,6718.0,Région de Marrakech-Safi
Oulad Hassoune Hamri,7792.0,Région de Marrakech-Safi
Labrikiyne,12185.0,Région de Marrakech-Safi
Oulad Aamer Tizmarine,4533.0,Région de Marrakech-Safi
Ait Hammou,7211.0,Région de Marrakech-Safi
Bouchane,9610.0,Région de Marrakech-Safi
Ait Taleb,8075.0,Région de Marrakech-Safi
Bourrous,6316.0,Région de Marrakech-Safi
Sidi Boubker,5728.0,Région de Marrakech-Safi
Jbilate,11511.0,Région de Marrakech-Safi
Nzalat Laadam,19635.0,Région de Marrakech-Safi
Lamharra,9476.0,Région de Marrakech-Safi
Oulad Imloul,9659.0,Région de Marrakech-Safi
Akarma,4795.0,Région de Marrakech-Safi
Tlauh,9596.0,Région de Marrakech-Safi
Jaidate,13193.0,Région de Marrakech-Safi
Ras Ain Rhamna,16330.0,Région de Marrakech-Safi
Safi,323888.0,Région de Marrakech-Safi
Jamaat Shaim,11865.0,Région de Marrakech-Safi
Sebt Gzoula,24600.0,Région de Marrakech-Safi
Lamrasla,17997.0,Région de Marrakech-Safi
Sidi Ettiji,17197.0,Région de Marrakech-Safi
Bouguedra,15707.0,Région de Marrakech-Safi
Chahda,10449.0,Région de Marrakech-Safi
Lahdar,12809.0,Région de Marrakech-Safi
Labkhati,13731.0,Région de Marrakech-Safi
Lamsabih,10443.0,Région de Marrakech-Safi
El Gouraani,10859.0,Région de Marrakech-Safi
Sidi Aissa,9528.0,Région de Marrakech-Safi
Moul El Bergui,18856.0,Région de Marrakech-Safi
Dar Si Aissa,11949.0,Région de Marrakech-Safi
Saadla,18134.0,Région de Marrakech-Safi
Ayir,30870.0,Région de Marrakech-Safi
El Beddouza,14278.0,Région de Marrakech-Safi
Hrara,30025.0,Région de Marrakech-Safi
Khatazakane,16691.0,Région de Marrakech-Safi
Ouled Salmane,16457.0,Région de Marrakech-Safi
Nagga,21996.0,Région de Marrakech-Safi
Laamamra,12025.0,Région de Marrakech-Safi
El Ghiate,23109.0,Région de Marrakech-Safi
Lamaachate,15830.0,Région de Marrakech-Safi
Atouabet,10378.0,Région de Marrakech-Safi
Youssoufia,65669.0,Région de Marrakech-Safi
Echemmaia,26547.0,Région de Marrakech-Safi
Jnane Bouih,19755.0,Région de Marrakech-Safi
Jdour,19390.0,Région de Marrakech-Safi
Sidi Chiker,20291.0,Région de Marrakech-Safi
Ighoud,22080.0,Région de Marrakech-Safi
El Gantour,17270.0,Région de Marrakech-Safi
Esbiaat,14662.0,Région de Marrakech-Safi
Ras El Ain,19089.0,Région de Marrakech-Safi
Atiamim,6774.0,Région de Marrakech-Safi
Lakhoualqa,14621.0,Région de Marrakech-Safi
Errachidia,97687.0,Région de Drâa-Tafilalet
Arfoud,28912.0,Région de Drâa-Tafilalet
Goulmima,14624.0,Région de Drâa-Tafilalet
Jorf,11865.0,Région de Drâa-Tafilalet
Moulay Ali Cherif,22082.0,Région de Drâa-Tafilalet
Boudnib,13411.0,Région de Drâa-Tafilalet
Tinejdad,9528.0,Région de Drâa-Tafilalet
Es-Sifa,6531.0,Région de Drâa-Tafilalet
Aarab Sebbah Ziz,20538.0,Région de Drâa-Tafilalet
Aarab Sebbah Gheris,4758.0,Région de Drâa-Tafilalet
Fezna,4400.0,Région de Drâa-Tafilalet
Bni M'hamed-Sijelmassa,11925.0,Région de Drâa-Tafilalet
Er-Rissani,4353.0,Région de Drâa-Tafilalet
Es-Sfalat,8586.0,Région de Drâa-Tafilalet
Et-Taous,9360.0,Région de Drâa-Tafilalet
Sidi Ali,1973.0,Région de Drâa-Tafilalet
Aoufous,8888.0,Région de Drâa-Tafilalet
Er-Rteb,12852.0,Région de Drâa-Tafilalet
Oued Naam,5708.0,Région de Drâa-Tafilalet
Chorfa M'daghra,18171.0,Région de Drâa-Tafilalet
Lkheng,18381.0,Région de Drâa-Tafilalet
Gheris Es-Soufli,6877.0,Région de Drâa-Tafilalet
Gheris El Ouloui,12193.0,Région de Drâa-Tafilalet
Tadighoust,6018.0,Région de Drâa-Tafilalet
Amellagou,4711.0,Région de Drâa-Tafilalet
Aghbalou-N'kerdous,10675.0,Région de Drâa-Tafilalet
Melaab,17230.0,Région de Drâa-Tafilalet
Ferkla Es-Soufla,11886.0,Région de Drâa-Tafilalet
Ferkla El Oulia,23449.0,Région de Drâa-Tafilalet
Ouarzazate,79218.0,Région de Drâa-Tafilalet
Taznakht,8268.0,Région de Drâa-Tafilalet
Amerzgane,8765.0,Région de Drâa-Tafilalet
Ait Zineb,10530.0,Région de Drâa-Tafilalet
Telouet,12396.0,Région de Drâa-Tafilalet
Ighrem N'ougdal,13727.0,Région de Drâa-Tafilalet
Tidili,14841.0,Région de Drâa-Tafilalet
Iznaguen,11953.0,Région de Drâa-Tafilalet
Ouisselsate,12471.0,Région de Drâa-Tafilalet
Khouzama,7401.0,Région de Drâa-Tafilalet
Siroua,8586.0,Région de Drâa-Tafilalet
Tarmigt,46963.0,Région de Drâa-Tafilalet
Idelsane,8680.0,Région de Drâa-Tafilalet
Skoura Ahl El Oust,24053.0,Région de Drâa-Tafilalet
Toundoute,10177.0,Région de Drâa-Tafilalet
Imi-N'oulaoune,19734.0,Région de Drâa-Tafilalet
Ghassate,7169.0,Région de Drâa-Tafilalet
Midelt,62648.0,Région de Drâa-Tafilalet
Er-Rich,28462.0,Région de Drâa-Tafilalet
Boumia,21713.0,Région de Drâa-Tafilalet
Guers Tiaallaline,15019.0,Région de Drâa-Tafilalet
M'zizel,7502.0,Région de Drâa-Tafilalet
Sidi Aayad,11562.0,Région de Drâa-Tafilalet
En-Nzala,4873.0,Région de Drâa-Tafilalet
Zaouiat Sidi Hamza,5248.0,Région de Drâa-Tafilalet
Guir,4363.0,Région de Drâa-Tafilalet
Gourrama,15952.0,Région de Drâa-Tafilalet
Ait Yahya,4293.0,Région de Drâa-Tafilalet
Amouguer,4363.0,Région de Drâa-Tafilalet
Imilchil,9164.0,Région de Drâa-Tafilalet
Bou-Azmou,10100.0,Région de Drâa-Tafilalet
Outerbat,6763.0,Région de Drâa-Tafilalet
Mibladen,3052.0,Région de Drâa-Tafilalet
Amersid,6023.0,Région de Drâa-Tafilalet
Ait Izdeg,7794.0,Région de Drâa-Tafilalet
Ait Ayach,12932.0,Région de Drâa-Tafilalet
Ait Ben Yacoub,3743.0,Région de Drâa-Tafilalet
Itzer,10513.0,Région de Drâa-Tafilalet
Zaida,14454.0,Région de Drâa-Tafilalet
Tanourdi,2834.0,Région de Drâa-Tafilalet
Tizi N'ghachou,2836.0,Région de Drâa-Tafilalet
Aghbalou,10296.0,Région de Drâa-Tafilalet
Sidi Yahia Ou Youssef,4877.0,Région de Drâa-Tafilalet
Tounfite,13424.0,Région de Drâa-Tafilalet
Agoudim,3826.0,Région de Drâa-Tafilalet
Anemzi,5140.0,Région de Drâa-Tafilalet
Tinghir,44239.0,Région de Drâa-Tafilalet
Boumalne-Dades,12391.0,Région de Drâa-Tafilalet
Kalâat M'gouna,17737.0,Région de Drâa-Tafilalet
Ait Sedrate Jebel Soufla,5228.0,Région de Drâa-Tafilalet
Ait Sedrate Jbel El Oulia,4978.0,Région de Drâa-Tafilalet
Ait Youl,4680.0,Région de Drâa-Tafilalet
Ikniouen,17707.0,Région de Drâa-Tafilalet
M'semrir,8686.0,Région de Drâa-Tafilalet
Tilmi,11691.0,Région de Drâa-Tafilalet
Ait Sedrate Sahl Charkia,15506.0,Région de Drâa-Tafilalet
Ait Sedrate Sahl El-Gharbia,19985.0,Région de Drâa-Tafilalet
Ait Ouassif,8885.0,Région de Drâa-Tafilalet
Souk Lakhmis Dades,16154.0,Région de Drâa-Tafilalet
Ighil N'oumgoun,23218.0,Région de Drâa-Tafilalet
Imider,4296.0,Région de Drâa-Tafilalet
Ouaklim,12050.0,Région de Drâa-Tafilalet
Toudgha El Oulia,5084.0,Région de Drâa-Tafilalet
Taghzoute N'ait Atta,15654.0,Région de Drâa-Tafilalet
Ait El Farsi,5653.0,Région de Drâa-Tafilalet
Toudgha Essoufla,13890.0,Région de Drâa-Tafilalet
Alnif,20978.0,Région de Drâa-Tafilalet
M'ssici,5455.0,Région de Drâa-Tafilalet
H'ssyia,11713.0,Région de Drâa-Tafilalet
Ait Hani,11120.0,Région de Drâa-Tafilalet
Assoul,6827.0,Région de Drâa-Tafilalet
Zagora,42294.0,Région de Drâa-Tafilalet
Agdz,11189.0,Région de Drâa-Tafilalet
Bouzeroual,9972.0,Région de Drâa-Tafilalet
Tinzouline,14652.0,Région de Drâa-Tafilalet
Bleida,4309.0,Région de Drâa-Tafilalet
Errouha,9521.0,Région de Drâa-Tafilalet
Ternata,15911.0,Région de Drâa-Tafilalet
Bni Zoli,16241.0,Région de Drâa-Tafilalet
Taftechna,4661.0,Région de Drâa-Tafilalet
Tamegroute,19207.0,Région de Drâa-Tafilalet
Fezouata,8001.0,Région de Drâa-Tafilalet
M'hamid El Ghizlane,6664.0,Région de Drâa-Tafilalet
Tagounite,15122.0,Région de Drâa-Tafilalet
Ktaoua,6157.0,Région de Drâa-Tafilalet
Tamezmoute,10953.0,Région de Drâa-Tafilalet
Oulad Yahia Lagraire,10686.0,Région de Drâa-Tafilalet
Afra,7554.0,Région de Drâa-Tafilalet
Mezguita,7084.0,Région de Drâa-Tafilalet
Tansifte,11389.0,Région de Drâa-Tafilalet
Afella N'dra,6657.0,Région de Drâa-Tafilalet
Taghbalte,9176.0,Région de Drâa-Tafilalet
Ait Boudaoud,4757.0,Région de Drâa-Tafilalet
Tazarine,13895.0,Région de Drâa-Tafilalet
N'kob,7742.0,Région de Drâa-Tafilalet
Ait Ouallal,11751.0,Région de Drâa-Tafilalet
Agadir,504768.0,Région de Souss-Massa
Amskroud,9648.0,Région de Souss-Massa
Idmine,2715.0,Région de Souss-Massa
Drargua,107621.0,Région de Souss-Massa
Aourir,46032.0,Région de Souss-Massa
Taghazout,4861.0,Région de Souss-Massa
Aqsri,3333.0,Région de Souss-Massa
Imouzzer,4087.0,Région de Souss-Massa
Tiqqi,6378.0,Région de Souss-Massa
Tadrart,2899.0,Région de Souss-Massa
Aziar,2053.0,Région de Souss-Massa
Tamri,19790.0,Région de Souss-Massa
Imsouane,7246.0,Région de Souss-Massa
Inezgane,137512.0,Région de Souss-Massa
Ait Melloul,210870.0,Région de Souss-Massa
Dcheira El Jihadia,113041.0,Région de Souss-Massa
Lqliaa,107133.0,Région de Souss-Massa
Temsia,52663.0,Région de Souss-Massa
Oulad Dahou,15697.0,Région de Souss-Massa
Ait Baha,6007.0,Région de Souss-Massa
Biougra,50626.0,Région de Souss-Massa
Ait Amira,113236.0,Région de Souss-Massa
Sidi Bibi,72929.0,Région de Souss-Massa
Ait Mzal,3305.0,Région de Souss-Massa
Hilala,1858.0,Région de Souss-Massa
Tassegdelt,4046.0,Région de Souss-Massa
Ait Ouadrim,4976.0,Région de Souss-Massa
Sidi Abdallah El Bouchouari,6604.0,Région de Souss-Massa
Targua-Ntouchka,3371.0,Région de Souss-Massa
Tanalt,2138.0,Région de Souss-Massa
Aouguenz,2941.0,Région de Souss-Massa
Ida-Ougnidif,2095.0,Région de Souss-Massa
Tizi Ntakoucht,1098.0,Région de Souss-Massa
Imi-Mqourn,10365.0,Région de Souss-Massa
Sidi Boushab,8386.0,Région de Souss-Massa
Oued Essafa,83442.0,Région de Souss-Massa
Belfaâ,36774.0,Région de Souss-Massa
Inchaden,42724.0,Région de Souss-Massa
Massa,17946.0,Région de Souss-Massa
Sidi Ouassay,10050.0,Région de Souss-Massa
Ait Milk,8706.0,Région de Souss-Massa
Taroudannt,83496.0,Région de Souss-Massa
Oulad Teima,100284.0,Région de Souss-Massa
Irherm,4127.0,Région de Souss-Massa
El Guerdane,13747.0,Région de Souss-Massa
Ait Iaaza,17339.0,Région de Souss-Massa
Oulad Berhil,30330.0,Région de Souss-Massa
Taliouine,7040.0,Région de Souss-Massa
Aoulouz,21502.0,Région de Souss-Massa
Sidi Mzal,1373.0,Région de Souss-Massa
Ait Abdallah,1635.0,Région de Souss-Massa
Toufelaazt,1061.0,Région de Souss-Massa
Tabia,814.0,Région de Souss-Massa
Toumliline,1463.0,Région de Souss-Massa
Imaouen,1969.0,Région de Souss-Massa
Tindine,1853.0,Région de Souss-Massa
Sidi Boaal,2180.0,Région de Souss-Massa
Amalou,2188.0,Région de Souss-Massa
Tataoute,3767.0,Région de Souss-Massa
Azaghar N'irs,4009.0,Région de Souss-Massa
Adar,3043.0,Région de Souss-Massa
Imi N'tayart,973.0,Région de Souss-Massa
Tisfane,1414.0,Région de Souss-Massa
Nihit,1456.0,Région de Souss-Massa
Oualqadi,1477.0,Région de Souss-Massa
Sidi Boumoussa,23160.0,Région de Souss-Massa
Ahl Ramel,7496.0,Région de Souss-Massa
Sidi Ahmed Ou Amar,17914.0,Région de Souss-Massa
Lagfifat,19471.0,Région de Souss-Massa
El Koudia El Beida,23666.0,Région de Souss-Massa
Lakhnafif,10706.0,Région de Souss-Massa
Lamhadi,11927.0,Région de Souss-Massa
Machraa El Ain,12243.0,Région de Souss-Massa
Assads,3592.0,Région de Souss-Massa
Tidsi-Nissendalene,4395.0,Région de Souss-Massa
Argana,4123.0,Région de Souss-Massa
Bigoudine,4174.0,Région de Souss-Massa
Talmakante,3336.0,Région de Souss-Massa
Imilmaiss,4967.0,Région de Souss-Massa
Sidi Moussa Lhamri,17673.0,Région de Souss-Massa
Eddir,7781.0,Région de Souss-Massa
Issen,13254.0,Région de Souss-Massa
Ahmar Laglalcha,21659.0,Région de Souss-Massa
Lamnizla,3427.0,Région de Souss-Massa
Zaouia Sidi Tahar,13479.0,Région de Souss-Massa
Ida Ou Moumen,5833.0,Région de Souss-Massa
Tamaloukte,4241.0,Région de Souss-Massa
Imoulass,6889.0,Région de Souss-Massa
Tafraouten,7026.0,Région de Souss-Massa
Ait Makhlouf,4135.0,Région de Souss-Massa
Sidi Dahmane,14878.0,Région de Souss-Massa
Freija,9005.0,Région de Souss-Massa
Tiout,3017.0,Région de Souss-Massa
Sidi Ahmed Ou Abdallah,4038.0,Région de Souss-Massa
Ait Igas,10378.0,Région de Souss-Massa
Tazemmourt,6856.0,Région de Souss-Massa
Bounrar,4995.0,Région de Souss-Massa
Sidi Borja,10736.0,Région de Souss-Massa
Igoudar Mnabha,10974.0,Région de Souss-Massa
Tinzart,6127.0,Région de Souss-Massa
Lamhara,11622.0,Région de Souss-Massa
Igli,13832.0,Région de Souss-Massa
Oulad Aissa,11732.0,Région de Souss-Massa
Ida Ou Gailal,6036.0,Région de Souss-Massa
Sidi Abdellah Ou Said,3003.0,Région de Souss-Massa
Talgjount,5234.0,Région de Souss-Massa
Tizi N'test,3588.0,Région de Souss-Massa
Ouneine,7042.0,Région de Souss-Massa
Tafingoult,5670.0,Région de Souss-Massa
Sidi Ouaaziz,9241.0,Région de Souss-Massa
Tigouga,3867.0,Région de Souss-Massa
Ida-Ougoummad,7543.0,Région de Souss-Massa
El Faid,10559.0,Région de Souss-Massa
Arazane,7883.0,Région de Souss-Massa
Toughmart,5035.0,Région de Souss-Massa
Tisrasse,5608.0,Région de Souss-Massa
Ouzioua,8141.0,Région de Souss-Massa
Toubkal,8538.0,Région de Souss-Massa
Ahl Tifnoute,5196.0,Région de Souss-Massa
Iguidi,7949.0,Région de Souss-Massa
Taouyalte,7097.0,Région de Souss-Massa
Askaouen,7046.0,Région de Souss-Massa
Tassousfi,5998.0,Région de Souss-Massa
Sidi Hsaine,6716.0,Région de Souss-Massa
Assaisse,5934.0,Région de Souss-Massa
Agadir Melloul,7518.0,Région de Souss-Massa
Assaki,8048.0,Région de Souss-Massa
Zagmouzen,7480.0,Région de Souss-Massa
Tizgzaouine,4653.0,Région de Souss-Massa
Azrar,4242.0,Région de Souss-Massa
Tiznit,86595.0,Région de Souss-Massa
Tafraout,6124.0,Région de Souss-Massa
Ammelne,2782.0,Région de Souss-Massa
Tarsouat,2001.0,Région de Souss-Massa
Tassrirt,1130.0,Région de Souss-Massa
Afella Ighir,2446.0,Région de Souss-Massa
Irigh N'tahala,1417.0,Région de Souss-Massa
Ait Ouafqa,3376.0,Région de Souss-Massa
Tnine Aday,1696.0,Région de Souss-Massa
Tafraout El Mouloud,2014.0,Région de Souss-Massa
Anzi,6199.0,Région de Souss-Massa
Tighmi,5492.0,Région de Souss-Massa
Ait Issafen,2497.0,Région de Souss-Massa
Arbaa Ait Ahmed,3918.0,Région de Souss-Massa
Tizoughrane,3725.0,Région de Souss-Massa
Ida Ou Gougmar,4250.0,Région de Souss-Massa
Sidi Ahmed Ou Moussa,3339.0,Région de Souss-Massa
Arbaa Rasmouka,4620.0,Région de Souss-Massa
El Maader El Kabir,6009.0,Région de Souss-Massa
Reggada,12521.0,Région de Souss-Massa
Ouijjane,4079.0,Région de Souss-Massa
Sidi Bouabdelli,4610.0,Région de Souss-Massa
Bounaamane,8932.0,Région de Souss-Massa
Tnine Aglou,9950.0,Région de Souss-Massa
Arbaa Sahel,8820.0,Région de Souss-Massa
Tata,19544.0,Région de Souss-Massa
Akka,5575.0,Région de Souss-Massa
Fam El Hisn,5908.0,Région de Souss-Massa
Foum Zguid,8660.0,Région de Souss-Massa
Ait Ouabelli,2140.0,Région de Souss-Massa
Tizounine,2008.0,Région de Souss-Massa
Kasbat Sidi Abdellah Ben M'barek,6840.0,Région de Souss-Massa
Tamanarte,4999.0,Région de Souss-Massa
Oum El Guerdane,3143.0,Région de Souss-Massa
Adis,6468.0,Région de Souss-Massa
Tigzmerte,3600.0,Région de Souss-Massa
Tagmout,4300.0,Région de Souss-Massa
Tizaghte,3356.0,Région de Souss-Massa
Issafen,3031.0,Région de Souss-Massa
Aguinane,2396.0,Région de Souss-Massa
Ibn Yacoub,2530.0,Région de Souss-Massa
Akka-Ighane,6045.0,Région de Souss-Massa
Tlite,4166.0,Région de Souss-Massa
Allougoum,8251.0,Région de Souss-Massa
Tissint,8797.0,Région de Souss-Massa
Guelmim,126729.0,Région de Guelmim-Oued Noun
Bouizakarne,18036.0,Région de Guelmim-Oued Noun
Tagante,4455.0,Région de Guelmim-Oued Noun
Ait Boufoulen,941.0,Région de Guelmim-Oued Noun
Ifrane Atlas Saghir,10375.0,Région de Guelmim-Oued Noun
Timoulay,4873.0,Région de Guelmim-Oued Noun
Taghjijt,9059.0,Région de Guelmim-Oued Noun
Amtdi,1137.0,Région de Guelmim-Oued Noun
Aday,2828.0,Région de Guelmim-Oued Noun
Aferkat,978.0,Région de Guelmim-Oued Noun
Asrir,3217.0,Région de Guelmim-Oued Noun
Tiglit,798.0,Région de Guelmim-Oued Noun
Fask,3511.0,Région de Guelmim-Oued Noun
Echatea El Abied,928.0,Région de Guelmim-Oued Noun
Labyar,433.0,Région de Guelmim-Oued Noun
Rass Oumlil,839.0,Région de Guelmim-Oued Noun
Laqsabi Tagoust,2592.0,Région de Guelmim-Oued Noun
Targa Wassay,635.0,Région de Guelmim-Oued Noun
Taliouine Assaka,865.0,Région de Guelmim-Oued Noun
Abaynou,3038.0,Région de Guelmim-Oued Noun
Assa,15601.0,Région de Guelmim-Oued Noun
Zag,4756.0,Région de Guelmim-Oued Noun
Aouint Lahna,2588.0,Région de Guelmim-Oued Noun
Aouint Yghomane,3370.0,Région de Guelmim-Oued Noun
Touizgui,6787.0,Région de Guelmim-Oued Noun
Labouirat,1057.0,Région de Guelmim-Oued Noun
Al Mahbass,19139.0,Région de Guelmim-Oued Noun
Tan-Tan,76134.0,Région de Guelmim-Oued Noun
El Ouatia,14258.0,Région de Guelmim-Oued Noun
Ben Khlil,951.0,Région de Guelmim-Oued Noun
Chbika,277.0,Région de Guelmim-Oued Noun
Abteh,651.0,Région de Guelmim-Oued Noun
Msied,1501.0,Région de Guelmim-Oued Noun
Tilemzoun,747.0,Région de Guelmim-Oued Noun
Sidi Ifni,22696.0,Région de Guelmim-Oued Noun
Lakhsas,5603.0,Région de Guelmim-Oued Noun
Mirleft,9828.0,Région de Guelmim-Oued Noun
Mesti,2533.0,Région de Guelmim-Oued Noun
Imi-N'fast,1962.0,Région de Guelmim-Oued Noun
Sbouya,2772.0,Région de Guelmim-Oued Noun
Tnine Amellou,3247.0,Région de Guelmim-Oued Noun
Tangarfa,3895.0,Région de Guelmim-Oued Noun
Arbaa Ait Abdellah,2671.0,Région de Guelmim-Oued Noun
Tioughza,10007.0,Région de Guelmim-Oued Noun
Sidi M'bark,4898.0,Région de Guelmim-Oued Noun
Sidi H'saine Ou Ali,4769.0,Région de Guelmim-Oued Noun
Ait Erkha,4490.0,Région de Guelmim-Oued Noun
Sidi Abdellah Ou Belaid,3524.0,Région de Guelmim-Oued Noun
Tighirt,5840.0,Région de Guelmim-Oued Noun
Sebt Ennabour,6047.0,Région de Guelmim-Oued Noun
Boutrouch,2693.0,Région de Guelmim-Oued Noun
Ibdar,3323.0,Région de Guelmim-Oued Noun
Anfeg,3803.0,Région de Guelmim-Oued Noun
Laâyoune,262791.0,Région de Laâyoune-Sakia El Hamra
El Marsa,28848.0,Région de Laâyoune-Sakia El Hamra
Boukraa,1171.0,Région de Laâyoune-Sakia El Hamra
Dcheira,901.0,Région de Laâyoune-Sakia El Hamra
Foum El Oued,1844.0,Région de Laâyoune-Sakia El Hamra
Boujdour,57360.0,Région de Laâyoune-Sakia El Hamra
Lamssid,305.0,Région de Laâyoune-Sakia El Hamra
Gueltat Zemmour,6881.0,Région de Laâyoune-Sakia El Hamra
Jraifia,835.0,Région de Laâyoune-Sakia El Hamra
Tarfaya,11030.0,Région de Laâyoune-Sakia El Hamra
Daoura,902.0,Région de Laâyoune-Sakia El Hamra
El Hagounia,561.0,Région de Laâyoune-Sakia El Hamra
Akhfennir,2841.0,Région de Laâyoune-Sakia El Hamra
Tah,894.0,Région de Laâyoune-Sakia El Hamra
Es-Semara,56607.0,Région de Laâyoune-Sakia El Hamra
Jdiriya,1792.0,Région de Laâyoune-Sakia El Hamra
Sidi Ahmed Laaroussi,438.0,Région de Laâyoune-Sakia El Hamra
Amgala,4102.0,Région de Laâyoune-Sakia El Hamra
Haouza,5197.0,Région de Laâyoune-Sakia El Hamra
Tifariti,5728.0,Région de Laâyoune-Sakia El Hamra
Dakhla,165463.0,Région de Dakhla-Oued Ed-Dahab
El Argoub,12182.0,Région de Dakhla-Oued Ed-Dahab
Imlili,3345.0,Région de Dakhla-Oued Ed-Dahab
Bir Anzarane,2962.0,Région de Dakhla-Oued Ed-Dahab
Gleibat El Foula,7155.0,Région de Dakhla-Oued Ed-Dahab
Oum Dreyga,3714.0,Région de Dakhla-Oued Ed-Dahab
Mijik*,646.0,Région de Dakhla-Oued Ed-Dahab
Lagouira*,3127.0,Région de Dakhla-Oued Ed-Dahab
Bir Gandouz,9183.0,Région de Dakhla-Oued Ed-Dahab
Aousserd,3855.0,Région de Dakhla-Oued Ed-Dahab
Aghouinite*,1006.0,Région de Dakhla-Oued Ed-Dahab
Zoug*,592.0,Région de Dakhla-Oued Ed-Dahab
Tichla,6735.0,Région de Dakhla-Oued Ed-Dahab
